insert into public.profiles (id, email, display_name, preferred_language, timezone)
values
  ('00000000-0000-0000-0000-000000000001', 'mom@example.com', '妈妈', 'zh', 'Asia/Tokyo'),
  ('00000000-0000-0000-0000-000000000002', 'dad@example.com', '爸爸', 'zh', 'Asia/Tokyo'),
  ('00000000-0000-0000-0000-000000000003', 'child@example.com', '孩子', 'zh', 'Asia/Tokyo')
on conflict (id) do update set email = excluded.email, display_name = excluded.display_name;

insert into public.family_groups (id, name, created_by)
values ('10000000-0000-0000-0000-000000000001', '我的家庭', '00000000-0000-0000-0000-000000000001')
on conflict (id) do update set name = excluded.name;

insert into public.family_members (id, family_group_id, profile_id, name, role, color)
values
  ('20000000-0000-0000-0000-000000000001', '10000000-0000-0000-0000-000000000001', '00000000-0000-0000-0000-000000000001', '妈妈', 'admin', '#e76f51'),
  ('20000000-0000-0000-0000-000000000002', '10000000-0000-0000-0000-000000000001', '00000000-0000-0000-0000-000000000002', '爸爸', 'parent', '#2a9d8f'),
  ('20000000-0000-0000-0000-000000000003', '10000000-0000-0000-0000-000000000001', '00000000-0000-0000-0000-000000000003', '孩子', 'child_editor', '#76628a')
on conflict (id) do update set role = excluded.role, color = excluded.color;

insert into public.calendars (id, family_group_id, name, calendar_type, color, visibility)
values
  ('30000000-0000-0000-0000-000000000001', '10000000-0000-0000-0000-000000000001', '日本假期', 'japan_holiday', '#ef4444', 'family'),
  ('30000000-0000-0000-0000-000000000002', '10000000-0000-0000-0000-000000000001', '中国假期参考', 'china_reference_holiday', '#60a5fa', 'family'),
  ('30000000-0000-0000-0000-000000000003', '10000000-0000-0000-0000-000000000001', '公司日程', 'company', '#cfe8ff', 'parents_only'),
  ('30000000-0000-0000-0000-000000000004', '10000000-0000-0000-0000-000000000001', '学校日程', 'school', '#d9f1e8', 'family'),
  ('30000000-0000-0000-0000-000000000005', '10000000-0000-0000-0000-000000000001', '孩子课外活动', 'child_activity', '#ffcab8', 'family'),
  ('30000000-0000-0000-0000-000000000006', '10000000-0000-0000-0000-000000000001', '家庭日程', 'family', '#f4f1de', 'family'),
  ('30000000-0000-0000-0000-000000000007', '10000000-0000-0000-0000-000000000001', '个人日程', 'personal', '#76628a', 'private')
on conflict (id) do update set name = excluded.name;

insert into public.activities (family_group_id, child_member_id, name, name_jp, name_cn, activity_type, default_day_of_week, default_start_time, default_end_time, location, transport_required)
values
  ('10000000-0000-0000-0000-000000000001', '20000000-0000-0000-0000-000000000003', '羽毛球部', 'バドミントン部', '羽毛球部', 'badminton', 3, '17:00', '19:00', '体育館', true),
  ('10000000-0000-0000-0000-000000000001', '20000000-0000-0000-0000-000000000003', '钢琴课', 'ピアノ', '钢琴课', 'piano', 5, '16:30', '17:15', 'ピアノ教室', true),
  ('10000000-0000-0000-0000-000000000001', '20000000-0000-0000-0000-000000000003', '英语课', '英語', '英语课', 'english', 2, '18:00', '19:00', '英語教室', true),
  ('10000000-0000-0000-0000-000000000001', '20000000-0000-0000-0000-000000000003', '中文课', '中国語', '中文课', 'chinese', 6, '10:00', '11:30', '中国語教室', true);

insert into public.bus_stops (id, family_group_id, stop_name, stop_name_jp, stop_type)
values
  ('40000000-0000-0000-0000-000000000001', '10000000-0000-0000-0000-000000000001', '並木大橋', '並木大橋', 'public_bus_stop'),
  ('40000000-0000-0000-0000-000000000002', '10000000-0000-0000-0000-000000000001', '並木団地南', '並木団地南', 'public_bus_stop'),
  ('40000000-0000-0000-0000-000000000003', '10000000-0000-0000-0000-000000000001', '茗溪学園', '茗溪学園', 'school'),
  ('40000000-0000-0000-0000-000000000004', '10000000-0000-0000-0000-000000000001', 'TXつくば駅 / 常陽銀行研究学園都市支店前', 'TXつくば駅', 'station'),
  ('40000000-0000-0000-0000-000000000005', '10000000-0000-0000-0000-000000000001', 'JRひたち野うしく駅西口', 'JRひたち野うしく駅西口', 'station')
on conflict (id) do update set stop_name = excluded.stop_name;

insert into public.routes (id, family_group_id, name, from_label, to_label, transport_mode, estimated_minutes, buffer_minutes, default_departure_reminder_minutes, created_by)
values
  ('50000000-0000-0000-0000-000000000001','10000000-0000-0000-0000-000000000001','並木大橋 → 茗溪学園','並木大橋','茗溪学園','bus',22,8,10,'00000000-0000-0000-0000-000000000001'),
  ('50000000-0000-0000-0000-000000000002','10000000-0000-0000-0000-000000000001','茗溪学園 → 並木大橋','茗溪学園','並木大橋','bus',22,8,10,'00000000-0000-0000-0000-000000000001'),
  ('50000000-0000-0000-0000-000000000003','10000000-0000-0000-0000-000000000001','並木団地南 → 茗溪学園','並木団地南','茗溪学園','bus',24,8,10,'00000000-0000-0000-0000-000000000001'),
  ('50000000-0000-0000-0000-000000000004','10000000-0000-0000-0000-000000000001','茗溪学園 → 並木団地南','茗溪学園','並木団地南','bus',24,8,10,'00000000-0000-0000-0000-000000000001'),
  ('50000000-0000-0000-0000-000000000005','10000000-0000-0000-0000-000000000001','TXつくば駅 → 茗溪学園','TXつくば駅','茗溪学園','school_bus',25,10,15,'00000000-0000-0000-0000-000000000001'),
  ('50000000-0000-0000-0000-000000000006','10000000-0000-0000-0000-000000000001','茗溪学園 → TXつくば駅','茗溪学園','TXつくば駅','school_bus',25,10,15,'00000000-0000-0000-0000-000000000001'),
  ('50000000-0000-0000-0000-000000000007','10000000-0000-0000-0000-000000000001','家 → 学校','家','学校','car',20,10,10,'00000000-0000-0000-0000-000000000001'),
  ('50000000-0000-0000-0000-000000000008','10000000-0000-0000-0000-000000000001','学校 → 家','学校','家','car',20,10,10,'00000000-0000-0000-0000-000000000001'),
  ('50000000-0000-0000-0000-000000000009','10000000-0000-0000-0000-000000000001','家 → ピアノ教室','家','ピアノ教室','car',18,7,10,'00000000-0000-0000-0000-000000000001'),
  ('50000000-0000-0000-0000-000000000010','10000000-0000-0000-0000-000000000001','ピアノ教室 → 家','ピアノ教室','家','car',18,7,10,'00000000-0000-0000-0000-000000000001'),
  ('50000000-0000-0000-0000-000000000011','10000000-0000-0000-0000-000000000001','家 → 英語教室','家','英語教室','car',16,7,10,'00000000-0000-0000-0000-000000000001'),
  ('50000000-0000-0000-0000-000000000012','10000000-0000-0000-0000-000000000001','英語教室 → 家','英語教室','家','car',16,7,10,'00000000-0000-0000-0000-000000000001'),
  ('50000000-0000-0000-0000-000000000013','10000000-0000-0000-0000-000000000001','家 → 中国語教室','家','中国語教室','car',18,7,10,'00000000-0000-0000-0000-000000000001'),
  ('50000000-0000-0000-0000-000000000014','10000000-0000-0000-0000-000000000001','中国語教室 → 家','中国語教室','家','car',18,7,10,'00000000-0000-0000-0000-000000000001'),
  ('50000000-0000-0000-0000-000000000015','10000000-0000-0000-0000-000000000001','家 → 体育館','家','体育館','bicycle',20,10,15,'00000000-0000-0000-0000-000000000001'),
  ('50000000-0000-0000-0000-000000000016','10000000-0000-0000-0000-000000000001','体育館 → 家','体育館','家','bicycle',20,10,15,'00000000-0000-0000-0000-000000000001'),
  ('50000000-0000-0000-0000-000000000017','10000000-0000-0000-0000-000000000001','学校 → 体育館','学校','体育館','bicycle',15,5,10,'00000000-0000-0000-0000-000000000001')
on conflict (id) do update set name = excluded.name;

insert into public.events (family_group_id, calendar_id, title, title_original_jp, event_type, date, start_datetime, end_datetime, all_day, location, visibility, need_parent_action, route_id, need_transport, transport_owner, pickup_required, created_by)
values
  ('10000000-0000-0000-0000-000000000001','30000000-0000-0000-0000-000000000004','学校面談','個人面談','school_interview','2026-07-22','2026-07-22 15:00+09','2026-07-22 15:40+09',false,'学校','family',true,'50000000-0000-0000-0000-000000000007',true,'妈妈',false,'00000000-0000-0000-0000-000000000001'),
  ('10000000-0000-0000-0000-000000000001','30000000-0000-0000-0000-000000000005','バドミントン部 練習','バドミントン部 練習','badminton_practice','2026-07-24','2026-07-24 17:00+09','2026-07-24 19:00+09',false,'体育館','family',true,'50000000-0000-0000-0000-000000000015',true,null,true,'00000000-0000-0000-0000-000000000002'),
  ('10000000-0000-0000-0000-000000000001','30000000-0000-0000-0000-000000000005','スウィングカップ団体','スウィングカップ団体','badminton_tournament','2026-07-26','2026-07-26 09:00+09','2026-07-26 16:00+09',false,'体育館','family',true,'50000000-0000-0000-0000-000000000015',true,'爸爸',true,'00000000-0000-0000-0000-000000000002'),
  ('10000000-0000-0000-0000-000000000001','30000000-0000-0000-0000-000000000005','ピアノレッスン','ピアノレッスン','piano_lesson','2026-07-25','2026-07-25 16:30+09','2026-07-25 17:15+09',false,'ピアノ教室','family',false,'50000000-0000-0000-0000-000000000009',true,'妈妈',false,'00000000-0000-0000-0000-000000000001'),
  ('10000000-0000-0000-0000-000000000001','30000000-0000-0000-0000-000000000003','公司早会',null,'company_meeting','2026-07-22','2026-07-22 15:00+09','2026-07-22 16:00+09',false,'公司','parents_only',false,null,false,null,false,'00000000-0000-0000-0000-000000000001'),
  ('10000000-0000-0000-0000-000000000001','30000000-0000-0000-0000-000000000006','家庭旅行',null,'travel','2026-08-02',null,null,true,'箱根','family',false,null,false,null,false,'00000000-0000-0000-0000-000000000001');

insert into public.holidays (family_group_id, country, date, name, name_jp, name_cn, holiday_type, is_day_off, is_reference_only, source, year)
values
  ('10000000-0000-0000-0000-000000000001','JP','2026-07-20','海の日','海の日','海之日','japan_public_holiday',true,false,'seed',2026),
  ('10000000-0000-0000-0000-000000000001','CN','2026-10-01','国庆节','国慶節','国庆节','china_public_holiday_reference',true,true,'seed',2026),
  ('10000000-0000-0000-0000-000000000001','CN','2026-09-27','调休上班日','振替出勤日','调休上班日','china_adjusted_workday_reference',false,true,'seed',2026);

insert into public.bus_timetables (family_group_id, route_id, line_name, direction_name, from_stop_id, to_stop_id, service_day_type, departure_time, arrival_time, estimated_minutes, bus_type, source_type)
values
  ('10000000-0000-0000-0000-000000000001','50000000-0000-0000-0000-000000000001','CG：学園南循環線〔研究支援センター先回り〕','茗溪学園方面','40000000-0000-0000-0000-000000000001','40000000-0000-0000-0000-000000000003','weekday','08:10','08:32',22,'public_bus','seed'),
  ('10000000-0000-0000-0000-000000000001','50000000-0000-0000-0000-000000000006','TXつくば駅方面 スクールバス','TXつくば駅方面','40000000-0000-0000-0000-000000000003','40000000-0000-0000-0000-000000000004','school_day','18:25','18:50',25,'school_bus','seed');
